[
  {
    "address": "0x2dc78af7c358c26a13f1ab8bef585a492e46d572a304f1c06bdab0c8f2d10413",
    "phrase": "since praise drift leaf issue stem liar reason foster high reunion absorb"
  },
  {
    "address": "0x21d5a42ea6395485a520ef39263ee2b73666fde627bf53fb2fd3a8ffe53963ea",
    "phrase": "question acquire follow round all industry idle egg muscle float orient oak"
	},
	{
    "address": "0xb48be359c4d3b066713cd446abd3cb9f2d58a3e1fc582614d5136f2cabf275c1",
    "phrase": "wonder gospel lecture concert above melody earn suit text mango tube arrive"
	},
	{
    "address": "0x53c471a68a86939e182bd908f6654cc9f3d1076ee7be305468f837136988487b",
    "phrase": "harsh quality dignity next patrol help field grape can negative tiger develop"
	},
	{
    "address": "0x56646be3371d94624bff0e391035c515bb73fc6c0084588134fd47e9db74a115",
    "phrase": "stable permit chief security hero deliver pen plug expose fuel post slide"
	},
	{
    "address": "0x8f926a7a5210bebf319aa551d9c175e4fbe69f8ff404dde26b8cbda64a234bf5",
    "phrase": "patient voice adult abandon soon exhibit sauce cabin glare quick together two"
	},
	{
    "address": "0x75ce2a36f69b132f3d366fc02085bf4358c8914ffa89e04ec3176798eb501526",
    "phrase": "uncover lamp sleep child someone imitate measure soda session shift pelican sea"
	},
	{
    "address": "0xbffb2a1e9cfc25600cc048616b2bebf83236559888d9f119664fe0895c2beeeb",
    "phrase": "razor tribe segment cactus physical company decide scout tower monkey slim there"
	},
	{
    "address": "0xe6b72548e8f4d7aa647b6bccb76826430d85f7d11e4e2b1302031fb709f12c52",
    "phrase": "weekend fabric jar alone record jar lumber blanket family city fat stay"
	},
	{
    "address": "0x4c31c71983cc647b64d5430bd09bee311c309a27828adc632ca1ff5caefea6d2",
    "phrase": "check collect host survey lesson dove game absent despair pool found dial"
	},
	{
    "address": "0x924a98513785635cfe63d02259d1e360d729faed252f494444fa258e3a967385",
    "phrase": "find hope surge inhale either desert convince strike play subject castle mail"
	},
	{
    "address": "0xbdc55b0822a75c7edaf22924520c12f78bc762a0493f4b4b0dd12b7b921a7113",
    "phrase": "trade honey news boil eagle limit slice globe stay common together tennis"
	},
	{
    "address": "0x728d59a336bd542775bb49c80669b1a0c6f51b0308b320158d94b7477fad2458",
    "phrase": "hunt gossip crucial gloom fringe concert humble feature ball tomato wave season"
	},
	{
    "address": "0x99afb5f5a2c311ea0bd654df1621c06adacebf786869c50cb1404a51151b16e6",
    "phrase": "people rely wall device lake february comic caution borrow poet sentence domain"
	},
	{
    "address": "0x86500f8ec086cdd485b71c232f3693ce6b093504ebaeb35b607190f29bb07c1f",
    "phrase": "loop light want soap cushion welcome total actual access badge trophy panel"
	},
	{
    "address": "0xb0dcb8e93b5f4d876a25cfe551910093ba60d74d4687a6470644dbaf93867730",
    "phrase": "stumble paper gauge female dynamic supreme sense broom edit floor cave mango"
	},
	{
    "address": "0xd81d70619d6e3af9f559c235a506190f78316e19a8cef606fdd7eed96d58be74",
    "phrase": "october biology episode arrest fix dragon together never robust maid manage stool"
	},
	{
    "address": "0x3b305d60a6f2d6d35af8c8e009096e798f96be72fb3363f394f9f79225c34e00",
    "phrase": "choice style finger leave waste energy drastic empower depth derive labor banner"
	},
	{
    "address": "0x2543df07fa1b550dec9c8c651c1cb1efff86b12bc9d4c701af898979c132195e",
    "phrase": "phone this marine execute junk emotion corn blast step immune snake before"
	},
	{
    "address": "0xe08a2c0da6bf8f6a92fa003053ab2732ddcdf9bd302be371abfc26d8d452819",
    "phrase": "exist crucial setup special disorder flower industry kiwi opera uncover need express"
	},
	{
    "address": "0xaa6cd5276e42411f637c861c913e959bc94ecaf5ba9b4e37f7c2d48dfeeae396",
    "phrase": "flower solve doctor canvas goose purity picnic erode accuse blanket science nasty"
	},
	{
    "address": "0x55d86f3929810f3f1447d68a67488e65d9df1ceed7ec2f8614b7062f711f8f1c",
    "phrase": "inside cigar large result flat cross uncover wide expect clump move sick"
	},
	{
    "address": "0x583b9c8c47a8ad37f266053c2a6e4e583dbddad6a7978940c0440a4d8c1a127b",
    "phrase": "pen garage impose present mobile walnut stem coral apple move sense lake"
	},
	{
    "address": "0x88b7c605d4947e99f481e45ad9c0fcb0388d12dbf793ff3f63cbf7bfa9c12b87",
    "phrase": "trigger arrest time believe ecology zero lumber nurse drink voyage bench raw"
	},
	{
    "address": "0xf911f980ca7d340533e05c28bc90ce93b946b32482a2a2b893f1b0cbce9a956e",
    "phrase": "auto dust comic tool attitude tobacco water awkward palm lizard domain kit"
	},
	{
    "address": "0xf841fc2898628dc613ec1a2e1e7e966c5ab01781f434e9933b68a6cd6659afe3",
    "phrase": "crime lottery surface frost remove enhance later inside target income powder icon"
	},
	{
    "address": "0x02777788ac85f272e1421f17a711e90536698d45e436d300767b2434372a33cb",
    "phrase": "imitate circle cushion ensure source day recall fame more tumble raw mind"
	},
	{
    "address": "0x040522b83d8d37c5d76ff20ee36d90395206da5d7b21c6fc54714a9a50ac2733",
    "phrase": "mass express grace apple shoe nose spawn divide train loyal behind thrive"
	},
	{
    "address": "0x086104d42c1d85b71d64ce2a894c8e7046056ea457382be89c68de681a7417b4",
    "phrase": "mimic accuse nothing spell clever live power dress door carbon fire capital"
	},
	{
    "address": "0x2916bec5d1aa89ce1c5a716788532b2b3d75096482336fd05ef05e64c9235e39",
    "phrase": "deal curve close bullet frost series badge feature cost shield emerge course"
	},
	{
    "address": "0xe4551235b6e82964c5fdfac534208b57aa0608fff042c7588aa862f9490985ba",
    "phrase": "tent hover century average sniff prepare victory cactus orchard basic window measure"
	},
	{
    "address": "0x040d65e526457e35a035e9f738d2d87c84cee429d3c28dbe6ad441015b40442d",
    "phrase": "wide best improve embark banner spray reason rival patch allow furnace stuff"
	},
	{
    "address": "0xf6b4929bc915d2e5cb15df9dfe824c32487ef5db2b0a6fed2f160e8960266f01",
    "phrase": "ladder all chuckle when hungry series news remember bone decide nation vessel"
	},
	{
    "address": "0xe4551235b6e82964c5fdfac534208b57aa0608fff042c7588aa862f9490985ba",
    "phrase": "tent hover century average sniff prepare victory cactus orchard basic window measure"
	},
	{
    "address": "0x47a7ec1fe327a17cd0753af2dc7e056e9e6d2ccb6fa3aaecd7eecb10f594573e",
    "phrase": "latin pig steel myth asset main liquid senior anxiety more sunset casino"
	},
	{
    "address": "0xa197e88a0f90c007d142cc6b893e98fb020aeccc930db179ffc6af0ae94279c2",
    "phrase": "reward execute crawl earth south solid pass measure wait alarm please champion"
	},
	{
    "address": "0xf59e029712dfcb355a592729cfde3f2bc88029135fd565800487c79bbafa8d03",
    "phrase": "smart project desert scan possible ugly omit ensure genre rely outdoor hazard"
	},
	{
    "address": "0x3429dcb7475ea59f3bfd7fa090afb94a709becb98ec428cfda316796791f1883",
    "phrase": "economy salt replace mouse trigger someone street coral junior sight nut lunch"
	},
	{
    "address": "0x45e6f0898d7ff1cae2c494d1df9bcd094003e5a963f9fb5938d94ed5bdffe95c",
    "phrase": "abuse cable collect camera cinnamon sand spread analyst script champion surround moral"
	},
	{
    "address": "0x8d90d6ffe38c49484a8fdfb72f42111ac8f81a8f4b52043289520a6cede4fc4d",
    "phrase": "lawsuit few crouch answer trumpet quick virtual talk owner century castle subway"
	},
	{
    "address": "0x2a45d651741933f50ac2377b3260fb14acc21bb3116862dfa8a2bd2cb9e3db11",
    "phrase": "lecture govern deputy soup panic quit increase payment lumber lock south lounge"
	}
]